business_id,name,url
1,"Baker, Suarez and Hamilton",https://www.miller.info/
2,"Brown, Salas and Webb",https://may-dodson.org/
3,Bruce Group,https://www.thomas-thomas.biz/
4,Cantu-Parks,http://hunt-fernandez.info/
5,Carroll-Fernandez,https://www.malone.com/
6,Chang-Smith,https://randolph.biz/
7,"Chapman, Durham and White",https://silva-grant.biz/
8,Cole-English,http://cantrell.net/
9,Combs-Thompson,http://www.brown-wilson.org/
10,Cook-Blake,https://golden-briggs.com/
11,Cortez-Gomez,https://www.mejia.info/
12,Daniel-Rodriguez,http://www.douglas-choi.biz/
13,Dawson Inc,https://www.morales.com/
14,Diaz and Sons,https://roth-holland.info/
15,"Fowler, Lopez and Vega",https://watson.com/
16,Freeman Ltd,https://thompson.biz/
17,Gamble PLC,https://www.williams.info/
18,"Hardy, Stephens and Rodriguez",https://brown-wallace.com/
19,Harris-Brown,https://www.hoffman.com/
20,Hernandez PLC,http://pierce.com/
21,Johnson LLC,https://hamilton.com/
22,Maddox-Thomas,https://www.duncan.com/
23,Martinez Group,https://guerra.com/
24,Martinez-Lewis,http://www.williams-griffith.com/
25,"Mclean, Coleman and Parrish",http://wilkerson-byrd.com/
26,Miller-Bryant,http://www.estrada-reyes.biz/
27,Munoz-Keller,http://www.rodriguez.com/
28,"Norman, Brown and Crawford",https://decker-robertson.com/
29,"Ortiz, Mclean and Reed",https://reyes-wallace.info/
30,Peters PLC,http://www.lucas-guerrero.com/
31,Phillips Group,http://king-flores.com/
32,"Ramirez, Gardner and Gordon",http://murphy.net/
33,Ray and Sons,https://www.martin.com/
34,Rice-Carter,http://www.johnston-friedman.org/
35,"Richardson, Ortiz and Murphy",http://www.porter.net/
36,"Robinson, Hood and George",http://blankenship-fischer.com/
37,"Rodriguez, Chavez and Nelson",https://martin.com/
38,Rodriguez-Flores,https://price-santiago.biz/
39,Rodriguez-Ward,https://gray.com/
40,"Sawyer, Peters and Wright",https://simmons-curry.com/
41,"Schultz, Madden and Cox",https://www.thompson.com/
42,"Shelton, Nguyen and Miller",https://www.patterson-barnett.com/
43,Smith Group,http://www.cook.biz/
44,Smith Ltd,http://www.wolfe.info/
45,Smith-Barber,https://www.williamson-figueroa.com/
46,Smith-Shea,https://king.com/
47,Snyder-Davenport,https://www.garrett-rodriguez.com/
48,"Taylor, Lopez and Johnston",http://allen-roberts.com/
49,Thompson-Martinez,https://wright.biz/
50,Thompson-Scott,http://www.love-price.biz/
