address_id,country,state,zip,line1,line2,created_at
1,AE,Maryland,41904,37023 Ortiz Burgs Apt. 220,Suite 769,2023-08-09 18:01:10.888725
2,AL,Alaska,03061,950 Richardson Ranch Apt. 981,Suite 995,2023-08-09 18:01:10.888725
3,AO,Mississippi,35814,8000 Adams Falls Suite 987,Apt. 011,2023-08-09 18:01:10.888725
4,AO,South Carolina,61466,77950 Hendrix Ramp Apt. 538,Suite 752,2023-08-09 18:01:10.888725
5,AR,Minnesota,05752,635 Fred Locks,Suite 607,2023-08-09 18:01:10.888725
6,AZ,Louisiana,98146,5840 Amber Rapid Apt. 168,Apt. 395,2023-08-09 18:01:10.888725
7,BE,Arkansas,07222,041 Sellers Ridge Apt. 652,Suite 244,2023-08-09 18:01:10.888725
8,BF,Georgia,71729,097 Cuevas Courts Apt. 867,Suite 882,2023-08-09 18:01:10.888725
9,BG,Arkansas,16320,7496 Angelica Loop Apt. 101,Apt. 751,2023-08-09 18:01:10.888725
10,BG,Missouri,56244,39204 Mata Key Suite 991,Apt. 763,2023-08-09 18:01:10.888725
11,BO,Tennessee,25980,51011 Pearson Street,Suite 452,2023-08-09 18:01:10.888725
12,BR,Alaska,65913,891 Owens Gardens Suite 998,Apt. 852,2023-08-09 18:01:10.888725
13,BS,Indiana,59152,649 Scott Mountain,Apt. 643,2023-08-09 18:01:10.888725
14,BW,Connecticut,94704,464 Salas Dale,Apt. 060,2023-08-09 18:01:10.888725
15,BY,Nebraska,85223,31231 Lewis Circle,Apt. 928,2023-08-09 18:01:10.888725
16,BY,Vermont,41662,89305 Hall Track,Apt. 423,2023-08-09 18:01:10.888725
17,CA,Nebraska,04722,8226 Deborah Islands Apt. 263,Suite 964,2023-08-09 18:01:10.888725
18,CD,Kentucky,61474,876 Taylor Branch,Apt. 116,2023-08-09 18:01:10.888725
19,CF,Georgia,13110,681 Martin Hollow,Apt. 104,2023-08-09 18:01:10.888725
20,CG,Mississippi,40359,380 William Mission Apt. 547,Apt. 403,2023-08-09 18:01:10.888725
21,CL,Arkansas,33127,918 Rebecca Union,Apt. 575,2023-08-09 18:01:10.888725
22,CN,Colorado,26583,0456 Estrada Squares,Suite 562,2023-08-09 18:01:10.888725
23,CO,Mississippi,28302,0560 Courtney Village,Apt. 128,2023-08-09 18:01:10.888725
24,CR,Hawaii,97787,755 Thompson Rapid,Suite 132,2023-08-09 18:01:10.888725
25,CV,California,11681,5150 Daniel Flat,Suite 837,2023-08-09 18:01:10.888725
26,DJ,Nevada,28737,29512 Sarah Fork,Suite 558,2023-08-09 18:01:10.888725
27,DK,Virginia,57866,87390 David Bridge,Suite 214,2023-08-09 18:01:10.888725
28,DM,Virginia,77188,2685 Peter Union Suite 882,Apt. 143,2023-08-09 18:01:10.888725
29,FI,Oregon,83596,640 Morales Overpass Suite 723,Suite 650,2023-08-09 18:01:10.888725
30,FR,Rhode Island,22068,9064 Jones Fort Suite 840,Apt. 481,2023-08-09 18:01:10.888725
31,GA,Maryland,79137,14530 Katie Passage Suite 179,Apt. 513,2023-08-09 18:01:10.888725
32,GB,Nebraska,33237,4824 Smith Orchard Apt. 801,Apt. 044,2023-08-09 18:01:10.888725
33,GE,Utah,18677,5171 Melissa Terrace,Apt. 555,2023-08-09 18:01:10.888725
34,GQ,Texas,94540,46973 Park Turnpike Apt. 870,Apt. 776,2023-08-09 18:01:10.888725
35,GR,Missouri,70267,386 Black Well,Suite 768,2023-08-09 18:01:10.888725
36,GT,West Virginia,79721,99801 Hancock Turnpike,Suite 993,2023-08-09 18:01:10.888725
37,GY,Oregon,02027,6118 Gomez Trail Suite 669,Suite 082,2023-08-09 18:01:10.888725
38,IQ,South Carolina,92538,9250 Stephen Spring,Apt. 174,2023-08-09 18:01:10.888725
39,IR,Alaska,31633,00080 Justin Stream Apt. 279,Suite 875,2023-08-09 18:01:10.888725
40,IR,Kansas,69575,054 Morris Loop Apt. 392,Apt. 537,2023-08-09 18:01:10.888725
41,IS,Kansas,14158,39277 Knox Loaf Suite 888,Suite 499,2023-08-09 18:01:10.888725
42,IT,Kansas,26160,8145 David Overpass Apt. 184,Suite 577,2023-08-09 18:01:10.888725
43,JP,Wyoming,28456,2569 Barker Hollow Suite 800,Suite 268,2023-08-09 18:01:10.888725
44,KH,New York,66726,673 Davis Prairie Suite 342,Suite 095,2023-08-09 18:01:10.888725
45,KW,Minnesota,23937,6915 Bartlett Land,Apt. 423,2023-08-09 18:01:10.888725
46,KZ,Pennsylvania,04427,066 Jay Knoll,Suite 355,2023-08-09 18:01:10.888725
47,LB,Idaho,39078,5021 Kayla Vista,Suite 266,2023-08-09 18:01:10.888725
48,LI,Florida,68842,075 Crawford Spur,Suite 839,2023-08-09 18:01:10.888725
49,LK,Wisconsin,08697,3988 Krystal Green Suite 006,Suite 212,2023-08-09 18:01:10.888725
50,LV,New Hampshire,34187,1493 Carol Branch Apt. 602,Apt. 284,2023-08-09 18:01:10.888725
51,LY,Illinois,88947,443 Karen Shoals,Suite 973,2023-08-09 18:01:10.888725
52,MA,Wisconsin,61616,7172 Glenn Views Apt. 026,Suite 143,2023-08-09 18:01:10.888725
53,ME,Rhode Island,99483,94654 Christopher Club,Suite 786,2023-08-09 18:01:10.888725
54,MH,Wisconsin,15813,435 Green Fords Suite 428,Apt. 189,2023-08-09 18:01:10.888725
55,MK,New York,54064,510 Michael Alley,Suite 708,2023-08-09 18:01:10.888725
56,MK,Texas,24345,71888 Smith Well Apt. 351,Apt. 768,2023-08-09 18:01:10.888725
57,ML,Georgia,44712,2048 Hubbard Trafficway Suite 557,Suite 820,2023-08-09 18:01:10.888725
58,MM,Kansas,91726,14809 Hawkins Views Apt. 556,Suite 980,2023-08-09 18:01:10.888725
59,MM,Maine,20253,5347 Bruce Locks Apt. 915,Suite 293,2023-08-09 18:01:10.888725
60,MT,Arkansas,46385,520 Jones Ports Suite 436,Suite 753,2023-08-09 18:01:10.888725
61,MT,Minnesota,88417,8391 Dawn Parkways,Apt. 280,2023-08-09 18:01:10.888725
62,MY,Illinois,56814,39602 Elizabeth Radial,Suite 610,2023-08-09 18:01:10.888725
63,MZ,Mississippi,53039,537 Monique Well,Apt. 237,2023-08-09 18:01:10.888725
64,NR,Alaska,01724,24153 Fisher Village Apt. 382,Apt. 837,2023-08-09 18:01:10.888725
65,PA,New Hampshire,76699,800 Perry Lodge Suite 917,Apt. 440,2023-08-09 18:01:10.888725
66,PE,Idaho,66988,7965 Miller Trafficway Suite 701,Suite 758,2023-08-09 18:01:10.888725
67,PH,Pennsylvania,12431,95384 Mccarty Rest,Suite 152,2023-08-09 18:01:10.888725
68,PK,Vermont,06440,1223 Smith Rapids,Suite 795,2023-08-09 18:01:10.888725
69,PY,New York,87474,940 Morrison Extension Suite 012,Apt. 835,2023-08-09 18:01:10.888725
70,PY,Wisconsin,48518,075 Raymond Village Apt. 506,Apt. 342,2023-08-09 18:01:10.888725
71,RS,Delaware,34015,39935 Fischer Road Apt. 660,Suite 582,2023-08-09 18:01:10.888725
72,RW,New Hampshire,12024,3210 Black Fords,Suite 306,2023-08-09 18:01:10.888725
73,SE,Arizona,57315,8995 Harrison Crest,Apt. 406,2023-08-09 18:01:10.888725
74,SE,West Virginia,22928,38757 Ibarra Green,Apt. 598,2023-08-09 18:01:10.888725
75,SO,New Jersey,31006,1165 Lowe Lakes Suite 348,Suite 311,2023-08-09 18:01:10.888725
76,SO,New Jersey,99552,24041 Jose Coves Apt. 864,Apt. 728,2023-08-09 18:01:10.888725
77,ST,Michigan,06455,2260 Dickson Drive,Suite 238,2023-08-09 18:01:10.888725
78,ST,Montana,06102,072 Crystal Loop Apt. 774,Apt. 701,2023-08-09 18:01:10.888725
79,SV,Nevada,45419,912 Paul Forge Apt. 003,Apt. 552,2023-08-09 18:01:10.888725
80,SZ,Kansas,43865,33958 James Meadows Apt. 373,Apt. 181,2023-08-09 18:01:10.888725
81,TJ,Arizona,94122,35168 Paul Harbor,Suite 511,2023-08-09 18:01:10.888725
82,TL,Arizona,57250,2674 Bailey Station Apt. 637,Apt. 109,2023-08-09 18:01:10.888725
83,TL,Oregon,04013,28081 Jessica Green Apt. 323,Suite 086,2023-08-09 18:01:10.888725
84,TM,Indiana,33754,14380 Thompson Extension,Apt. 366,2023-08-09 18:01:10.888725
85,TM,Ohio,83536,125 Spencer Parkways,Suite 991,2023-08-09 18:01:10.888725
86,TR,Kansas,97037,792 Crystal Freeway Apt. 091,Apt. 033,2023-08-09 18:01:10.888725
87,TR,Ohio,30881,31861 Moore Shoals Suite 868,Apt. 495,2023-08-09 18:01:10.888725
88,TT,Hawaii,30044,66161 Anna Springs,Apt. 763,2023-08-09 18:01:10.888725
89,UA,Illinois,75197,189 Kevin Pass,Suite 447,2023-08-09 18:01:10.888725
90,UA,New York,40977,69529 Audrey Dam,Suite 923,2023-08-09 18:01:10.888725
91,UG,California,80170,5813 Barry Gardens,Apt. 583,2023-08-09 18:01:10.888725
92,US,Arkansas,26190,5024 Ramirez Plains Apt. 554,Apt. 290,2023-08-09 18:01:10.888725
93,UY,South Dakota,28709,9700 Cherry Views Apt. 720,Apt. 801,2023-08-09 18:01:10.888725
94,VA,New Jersey,62898,187 English Cliff Apt. 664,Apt. 296,2023-08-09 18:01:10.888725
95,VU,Minnesota,74130,6005 Marsh Gateway Suite 285,Apt. 129,2023-08-09 18:01:10.888725
96,VU,North Carolina,90794,795 Delgado Circles Apt. 192,Apt. 819,2023-08-09 18:01:10.888725
97,VU,South Carolina,54117,167 Danielle Springs Apt. 974,Apt. 264,2023-08-09 18:01:10.888725
98,WS,Maine,94747,036 Kyle Circle Suite 385,Suite 169,2023-08-09 18:01:10.888725
99,ZA,Michigan,06200,82447 Vargas Plain,Suite 722,2023-08-09 18:01:10.888725
100,ZM,Utah,47971,20492 Miller Meadow,Apt. 819,2023-08-09 18:01:10.888725
